{"optimal_threshold": 0.9303827285766602, "f1_score_at_threshold": 0.38254172015404364}